{
    "BIG_000000029022": -0.21894751674910345,
    "BIG_000000031630": 0.30716345625965163,
    "BIG_000000049300": 0.5150209380078501,
    "BIG_000000069711": 0.46120687551170947,
    "BIG_000000073701": -0.2339047388672188,
    "BIG_000000076694": 0.7806313948384531,
    "BIG_000000091415": 0.5969396740924793,
    "BIG_000000096460": -0.1758323924940358,
    "BIG_000000096688": 0.4613665611570992,
    "BIG_000000104713": -0.24747801872529626,
    "BIG_000000114176": -0.6032044081038375,
    "BIG_000000116106": 0.1678111163833955,
    "BIG_000000117526": -0.11020159223909881,
    "BIG_000000118841": -0.845766903449942,
    "BIG_000000122521": -0.44027182125845166,
    "BIG_000000122587": 0.7345354718694542,
    "BIG_000000126886": 0.6148244663760629,
    "BIG_000000130896": 0.2546268789266249,
    "BIG_000000145442": -0.41466888944772623,
    "BIG_000000155694": -0.5304942109033166,
    "BIG_000000171462": -0.4880710577782679,
    "BIG_000000176453": -1.1072787620488915,
    "BIG_000000189659": -0.12904449839501697,
    "BIG_000000191438": -0.1405950934114977,
    "BIG_000000194821": -0.2869203731364137,
    "BIG_000000203934": 0.16238180444016412,
    "BIG_000000207708": -0.0035315811191519524,
    "BIG_000000225095": -0.6159792597349691,
    "BIG_000000233511": -0.43792976512607834,
    "BIG_000000234888": 0.656449191274165,
    "BIG_000000240256": -0.3388714364363474,
    "BIG_000000254036": -0.23140299708945575,
    "BIG_000000255559": 0.1498730955513489,
    "BIG_000000257515": -0.19281229945374692,
    "BIG_000000258527": 0.7786619385453213,
    "BIG_000000264173": 0.5776177110003929,
    "BIG_000000273074": 0.9948763024022166,
    "BIG_000000292675": 0.6375530565697839,
    "BIG_000000299352": -0.45613392870043956,
    "BIG_000000312722": -0.06815103895329148,
    "BIG_000000313790": -0.2938933129850727,
    "BIG_000000315166": -0.02157605904812532,
    "BIG_000000325822": 0.3049810857726671,
    "BIG_000000327859": -0.07847737735512308,
    "BIG_000000331938": 0.604072299586527,
    "BIG_000000334169": 0.4027087007508202,
    "BIG_000000334449": 0.8216706057034631,
    "BIG_000000336443": 0.4332618875686097,
    "BIG_000000340387": -0.13298341098128272,
    "BIG_000000348462": 0.7591802898078461,
    "BIG_000000371080": 0.37806388281243025,
    "BIG_000000373371": 0.390199991862005,
    "BIG_000000374898": 1.184529620576053,
    "BIG_000000394833": -0.4114219479914804,
    "BIG_000000395580": -0.5138336752343821,
    "BIG_000000396230": -0.1758856210424987,
    "BIG_000000396585": 0.1715903433242715,
    "BIG_000000414470": 1.0155822077543426,
    "BIG_000000419055": 1.0203195485675531,
    "BIG_000000423626": 0.1106436553340831,
    "BIG_000000435494": 0.5636186027546121,
    "BIG_000000436789": 0.09451540514977967,
    "BIG_000000439345": 0.2576609061890181,
    "BIG_000000458497": 0.6797100669525171,
    "BIG_000000458731": -0.16385596908984978,
    "BIG_000000460488": -0.3141201614010306,
    "BIG_000000465714": -0.6219408571628308,
    "BIG_000000470465": -0.39949875313575733,
    "BIG_000000477730": 0.19107199206174663,
    "BIG_000000478165": -1.4227643687893703,
    "BIG_000000484558": 0.014566125358283395,
    "BIG_000000484590": 0.18670725108777655,
    "BIG_000000488025": -0.43510865205753585,
    "BIG_000000524659": -0.36468728244092546,
    "BIG_000000534899": 0.956125919121119,
    "BIG_000000540713": -0.26349981181267385,
    "BIG_000000545614": 0.03580431619503875,
    "BIG_000000552663": 0.1827151099530479,
    "BIG_000000567137": 0.23179183163597805,
    "BIG_000000571294": 0.6082773549151083,
    "CIC_000000029022": -0.6356205941178331,
    "CIC_000000031630": -0.4352683377029256,
    "CIC_000000049300": -0.26546926810580573,
    "CIC_000000069711": 0.7159587084558516,
    "CIC_000000073701": -1.1079175046304475,
    "CIC_000000076694": 0.33037110338953984,
    "CIC_000000091415": -0.23310631064027307,
    "CIC_000000096460": -0.04547567730803344,
    "CIC_000000096688": -1.6471227005611127,
    "CIC_000000104713": -0.43186171060129,
    "CIC_000000114176": -1.0060380628721768,
    "CIC_000000116106": -1.141611175807557,
    "CIC_000000117526": -1.7941399514160477,
    "CIC_000000118841": -1.7115824727498625,
    "CIC_000000122521": -0.9043183067592941,
    "CIC_000000122587": 0.6164213228299544,
    "CIC_000000126886": 0.08205992480942643,
    "CIC_000000130896": -0.5533824867424264,
    "CIC_000000145442": -0.7449520326609318,
    "CIC_000000155694": -1.7353756339128448,
    "CIC_000000171462": -1.8380535038980612,
    "CIC_000000176453": -1.708708131132858,
    "CIC_000000189659": -0.9153366162911447,
    "CIC_000000191438": -0.8070697487173073,
    "CIC_000000194821": -0.9024553075630871,
    "CIC_000000203934": -0.6195455724819935,
    "CIC_000000207708": -0.41232683331535197,
    "CIC_000000225095": -0.5311861820333356,
    "CIC_000000233511": -1.3272723528466648,
    "CIC_000000234888": -0.2920835423373295,
    "CIC_000000240256": -0.2550897011555112,
    "CIC_000000254036": -0.7461230607271189,
    "CIC_000000255559": -0.5404479494659059,
    "CIC_000000257515": -0.8895207702865666,
    "CIC_000000258527": 0.5061317704145212,
    "CIC_000000264173": 0.5924152474731195,
    "CIC_000000273074": 0.6406935409291039,
    "CIC_000000292675": -0.10349479513275447,
    "CIC_000000299352": -0.18067619040417215,
    "CIC_000000312722": 0.022337493433888085,
    "CIC_000000313790": -1.3007645357120667,
    "CIC_000000315166": -0.6456275612288871,
    "CIC_000000325822": -1.6766113164096401,
    "CIC_000000327859": -1.0453207316379047,
    "CIC_000000331938": -0.8666324944474568,
    "CIC_000000334169": -0.3153444180156807,
    "CIC_000000334449": 0.24179879874703022,
    "CIC_000000336443": -0.8976115096529498,
    "CIC_000000340387": -0.8134039459844102,
    "CIC_000000348462": -0.05053238941202245,
    "CIC_000000371080": -0.16193974134517983,
    "CIC_000000373371": 0.38141728136560193,
    "CIC_000000374898": 0.9428187820053571,
    "CIC_000000394833": -1.0379219634015413,
    "CIC_000000395580": -0.6264120552337267,
    "CIC_000000396230": -1.0470772737371858,
    "CIC_000000396585": 0.3121669398151787,
    "CIC_000000414470": 1.2612319589113035,
    "CIC_000000419055": -0.4398992214192103,
    "CIC_000000423626": -0.3525511733913507,
    "CIC_000000435494": -0.06586221136938014,
    "CIC_000000436789": -0.5308135821940941,
    "CIC_000000439345": -0.6909250559709393,
    "CIC_000000458497": 0.3422942982452629,
    "CIC_000000458731": -0.06772521056558715,
    "CIC_000000460488": -1.1490631725923832,
    "CIC_000000465714": -0.3830511316606764,
    "CIC_000000470465": -1.0257858543519667,
    "CIC_000000477730": -1.026797196772765,
    "CIC_000000478165": -2.1658881338819667,
    "CIC_000000484558": -0.3347728382046929,
    "CIC_000000484590": -0.2339047388672188,
    "CIC_000000488025": -1.0679428647346998,
    "CIC_000000524659": -0.6521214441413788,
    "CIC_000000534899": 0.2682533873331652,
    "CIC_000000540713": -1.1041382776895723,
    "CIC_000000545614": -0.5761643054846103,
    "CIC_000000552663": -0.7732696204432729,
    "CIC_000000567137": -0.5765369053238517,
    "CIC_000000571294": -0.8391133348920615,
    "CT2_000000029022": 0.38567556524264524,
    "CT2_000000031630": -0.33338889594465404,
    "CT2_000000049300": 0.2931111194654069,
    "CT2_000000069711": 0.26873244426933157,
    "CT2_000000073701": -0.5659444241797055,
    "CT2_000000076694": 1.0357558276218368,
    "CT2_000000091415": 0.28219926703048315,
    "CT2_000000096460": 0.1661610313810411,
    "CT2_000000096688": -0.44660601852555365,
    "CT2_000000104713": -0.210430948995015,
    "CT2_000000114176": -0.6449355900988673,
    "CT2_000000116106": -0.8923418833551091,
    "CT2_000000117526": -0.6718160070727056,
    "CT2_000000118841": -1.299966107485121,
    "CT2_000000122521": -0.006991436769250443,
    "CT2_000000122587": 0.8289096882944367,
    "CT2_000000126886": 0.5426997832086343,
    "CT2_000000130896": -0.34871871790201175,