{
    "BIG_000000029022": 0.5505656720701897,
    "BIG_000000031630": 1.0367781462505232,
    "BIG_000000049300": 1.2178283955853517,
    "BIG_000000069711": 0.03228298127359628,
    "BIG_000000073701": -0.4176518394026731,
    "BIG_000000076694": 0.6143858775480374,
    "BIG_000000091415": -0.3002379610939337,
    "BIG_000000096460": -0.08022666827374422,
    "BIG_000000096688": 1.2409796762195757,
    "BIG_000000104713": -0.39224117405491377,
    "BIG_000000114176": -0.27903473263397877,
    "BIG_000000116106": -1.4064261936825384,
    "BIG_000000117526": -0.8323467817057661,
    "BIG_000000118841": 0.17917856851498026,
    "BIG_000000122521": 0.8430670403188524,
    "BIG_000000122587": 0.7732781453024933,
    "BIG_000000126886": 0.06843017161834833,
    "BIG_000000130896": -0.6967836988936876,
    "BIG_000000145442": 0.21681422490460606,
    "BIG_000000155694": 0.4352807153156736,
    "BIG_000000171462": -1.4070043826840337,
    "BIG_000000176453": -0.029802657199766547,
    "BIG_000000189659": -1.1607937154166081,
    "BIG_000000191438": -0.10972913270900557,
    "BIG_000000194821": 1.12381486394225,
    "BIG_000000203934": 1.1384978995084238,
    "BIG_000000207708": 0.8450743939291713,
    "BIG_000000225095": 1.1944488044223325,
    "BIG_000000233511": -0.8910166574626047,
    "BIG_000000234888": 1.202226187760392,
    "BIG_000000240256": -0.6153984080575986,
    "BIG_000000254036": 0.4427200804682445,
    "BIG_000000255559": 0.4836884775639244,
    "BIG_000000257515": 1.41631326711911,
    "BIG_000000258527": 1.069634106894457,
    "BIG_000000264173": 0.8701529712350458,
    "BIG_000000273074": 0.8466962882051599,
    "BIG_000000292675": -0.4774217567982522,
    "BIG_000000299352": 1.1760268133131584,
    "BIG_000000312722": -0.6499800404906112,
    "BIG_000000313790": 0.3956347402439262,
    "BIG_000000315166": 0.6836825706451749,
    "BIG_000000325822": 0.6964442396833032,
    "BIG_000000327859": 1.3711374331356267,
    "BIG_000000331938": 0.7544440092127659,
    "BIG_000000334169": 0.8968979188939464,
    "BIG_000000334449": 0.22478137283802846,
    "BIG_000000336443": 1.4060541186823252,
    "BIG_000000340387": -0.4586350618573661,
    "BIG_000000348462": 0.41669564525736014,
    "BIG_000000371080": 0.8052683049800864,
    "BIG_000000373371": -0.7361539222877992,
    "BIG_000000374898": -0.508080599236505,
    "BIG_000000394833": -0.004738905252905216,
    "BIG_000000395580": -1.362394877414835,
    "BIG_000000396230": 0.010732839412743387,
    "BIG_000000396585": 0.3155866967907837,
    "BIG_000000414470": 1.6193376635825554,
    "BIG_000000419055": -0.325126773804446,
    "BIG_000000423626": 0.6164732880970256,
    "BIG_000000435494": 0.553922133350664,
    "BIG_000000436789": 0.5071955668144533,
    "BIG_000000439345": 0.6026768089998119,
    "BIG_000000458497": 0.0601161102840296,
    "BIG_000000458731": 0.350109027787743,
    "BIG_000000460488": -0.08671128030589569,
    "BIG_000000465714": -0.09095429805532991,
    "BIG_000000470465": 0.2505004056532508,
    "BIG_000000477730": 0.6436926472443322,
    "BIG_000000478165": -0.8149151245786406,
    "BIG_000000484558": -0.1842117363887838,
    "BIG_000000484590": 0.9334364987166343,
    "BIG_000000488025": -0.4974923278296385,
    "BIG_000000524659": -0.025298713131709612,
    "BIG_000000534899": 1.147197420177072,
    "BIG_000000540713": -0.8072089029638417,
    "BIG_000000545614": -0.9760697421184337,
    "BIG_000000552663": 0.6381390677581767,
    "BIG_000000567137": 1.2979772514797827,
    "BIG_000000571294": 0.09776955710447112,
    "CIC_000000029022": 0.8343764148656111,
    "CIC_000000031630": 0.14239685280448391,
    "CIC_000000049300": 0.16987417319861223,
    "CIC_000000069711": 0.42915784204343077,
    "CIC_000000073701": -0.17058426638431393,
    "CIC_000000076694": 0.9046189658677585,
    "CIC_000000091415": -1.0599041822634194,
    "CIC_000000096460": 0.4744078028219782,
    "CIC_000000096688": -0.9995857265843704,
    "CIC_000000104713": -0.05781665559015418,
    "CIC_000000114176": -0.2733625502757208,
    "CIC_000000116106": 0.46967258315332233,
    "CIC_000000117526": -1.1234990422842743,
    "CIC_000000118841": -0.07143226530741272,
    "CIC_000000122521": -0.010310275169875585,
    "CIC_000000122587": 0.48432300292966707,
    "CIC_000000126886": 0.21560447560916995,
    "CIC_000000130896": 0.3491513095955234,
    "CIC_000000145442": 0.08658234119349184,
    "CIC_000000155694": -0.14296165747186199,
    "CIC_000000171462": -1.0383866561923947,
    "CIC_000000176453": -0.1989985494680443,
    "CIC_000000189659": -0.5902338436694513,
    "CIC_000000191438": 0.30907836418420964,
    "CIC_000000194821": 0.6893339975008145,
    "CIC_000000203934": 0.5799376733461405,
    "CIC_000000207708": 0.3459490320487814,
    "CIC_000000225095": 0.5120879352886417,
    "CIC_000000233511": -0.6010741461795335,
    "CIC_000000234888": 0.4007732096777258,
    "CIC_000000240256": -0.10022904265367091,
    "CIC_000000254036": 0.5706807191786144,
    "CIC_000000255559": 0.12313871144699451,
    "CIC_000000257515": 0.46284105772027373,
    "CIC_000000258527": 0.6027865166565057,
    "CIC_000000264173": 0.9525819673456272,
    "CIC_000000273074": 0.4960291064060916,
    "CIC_000000292675": 0.617982509644517,
    "CIC_000000299352": 0.9253477828393083,
    "CIC_000000312722": 0.04000402824740747,
    "CIC_000000313790": -0.422621299743728,
    "CIC_000000315166": 0.5238800258473398,
    "CIC_000000325822": -0.2773416766347289,
    "CIC_000000327859": 0.45326091072626984,
    "CIC_000000331938": 0.3044350617414335,
    "CIC_000000334169": 0.8128351682201652,
    "CIC_000000334449": 0.025033380716388356,
    "CIC_000000336443": 0.14988365910589438,
    "CIC_000000340387": -0.22562489425484497,
    "CIC_000000348462": 0.5297953440934047,
    "CIC_000000371080": 1.163164331833745,
    "CIC_000000373371": 0.6113674344530533,
    "CIC_000000374898": -0.3505552295830202,
    "CIC_000000394833": -0.3716902613915164,
    "CIC_000000395580": 0.1858737006451131,
    "CIC_000000396230": -0.26415600232883774,
    "CIC_000000396585": 1.1124675341539332,
    "CIC_000000414470": 1.190131659877836,
    "CIC_000000419055": -0.15819026624970117,
    "CIC_000000423626": 0.23010664179538842,
    "CIC_000000435494": 0.9759823140112649,
    "CIC_000000436789": -0.04466063200228922,
    "CIC_000000439345": 0.997316005630532,
    "CIC_000000458497": -0.09789849621687578,
    "CIC_000000458731": 0.9864104715407946,
    "CIC_000000460488": -0.05696567998282572,
    "CIC_000000465714": -1.3620242434395184,
    "CIC_000000470465": 0.3342014175671218,
    "CIC_000000477730": 0.011601605450886763,
    "CIC_000000478165": -0.8523402608702867,
    "CIC_000000484558": 0.11198707639764426,
    "CIC_000000484590": 0.670253760451476,
    "CIC_000000488025": -0.4417815937317349,
    "CIC_000000524659": 0.4473574527674146,
    "CIC_000000534899": 1.0282387394592107,
    "CIC_000000540713": -0.1444441933731313,
    "CIC_000000545614": 0.6706214293549907,
    "CIC_000000552663": 0.5086958931465375,
    "CIC_000000567137": 0.8215939903248652,
    "CIC_000000571294": 0.35809396615198114,
    "CT2_000000029022": 0.6846047079757647,
    "CT2_000000031630": 0.21671637753512274,
    "CT2_000000049300": 0.1293386765861031,
    "CT2_000000069711": 0.6395949180132241,
    "CT2_000000073701": -0.07249079594091992,
    "CT2_000000076694": 1.2480424772532233,
    "CT2_000000091415": 0.0839671478636522,
    "CT2_000000096460": -0.49498684215649263,
    "CT2_000000096688": -0.10560175275987121,
    "CT2_000000104713": 0.17212762776854157,
    "CT2_000000114176": 0.20582566880439684,
    "CT2_000000116106": -0.01713883553112322,
    "CT2_000000117526": -0.9380990326151204,
    "CT2_000000118841": -0.4257375902081963,
    "CT2_000000122521": 1.0634667575451748,
    "CT2_000000122587": 0.5937460127305647,
    "CT2_000000126886": 0.20298513001756516,
    "CT2_000000130896": -1.1553083325819122,
    "CT2_000000145442": -0.5021089446261918,