{
    "BIG_000000029022": 0.8743138634179249,
    "BIG_000000031630": 1.5282042002428782,
    "BIG_000000049300": 0.4738854478749993,
    "BIG_000000069711": 0.2122096343508238,
    "BIG_000000073701": 0.20414066564851993,
    "BIG_000000076694": 1.0155488654256226,
    "BIG_000000091415": 0.015721364039230804,
    "BIG_000000096460": 0.7540740748760689,
    "BIG_000000096688": -0.4520450730494536,
    "BIG_000000104713": 0.10846775458673585,
    "BIG_000000114176": 1.0110281859730577,
    "BIG_000000116106": 0.6410056640800624,
    "BIG_000000117526": -0.7046187532808217,
    "BIG_000000118841": 0.668082991266471,
    "BIG_000000122521": 0.2666307610388374,
    "BIG_000000122587": 0.03738977072241478,
    "BIG_000000126886": 0.4522404159563055,
    "BIG_000000130896": -0.9454442768790005,
    "BIG_000000145442": -0.28838432198906266,
    "BIG_000000155694": 0.06357418190526573,
    "BIG_000000171462": -1.6774110020568895,
    "BIG_000000176453": -1.8388464755377358,
    "BIG_000000189659": -0.2432757014742741,
    "BIG_000000191438": 0.845343180307743,
    "BIG_000000194821": 0.7814318992363706,
    "BIG_000000203934": 0.4315771241462351,
    "BIG_000000207708": 1.0403354656919097,
    "BIG_000000225095": -0.08309779032304547,
    "BIG_000000233511": -1.417095599826093,
    "BIG_000000234888": 1.0668471235776351,
    "BIG_000000240256": 1.1379952317354318,
    "BIG_000000254036": 0.48208064030555375,
    "BIG_000000255559": 0.4481030826413932,
    "BIG_000000257515": -0.1606552589042804,
    "BIG_000000258527": 0.08638795204851038,
    "BIG_000000264173": 0.6790878303888475,
    "BIG_000000273074": 1.2964434103143223,
    "BIG_000000292675": -0.4053656683608684,
    "BIG_000000299352": -1.0034697922515312,
    "BIG_000000312722": 0.6693265287373942,
    "BIG_000000313790": 0.45708834211174476,
    "BIG_000000315166": -1.2129030071382554,
    "BIG_000000325822": -0.018873287407493018,
    "BIG_000000327859": -0.2888097427027997,
    "BIG_000000331938": 0.22112009457480403,
    "BIG_000000334169": -0.20615657546251917,
    "BIG_000000334449": 0.004211630003848105,
    "BIG_000000336443": 1.3193319797039385,
    "BIG_000000340387": -0.842539213683692,
    "BIG_000000348462": 0.10212384350387127,
    "BIG_000000371080": 1.2195778347620232,
    "BIG_000000373371": 0.12181474511111491,
    "BIG_000000374898": 0.9020971084919626,
    "BIG_000000394833": -0.678396942474785,
    "BIG_000000395580": 0.43907574859495807,
    "BIG_000000396230": -0.6484538691617764,
    "BIG_000000396585": 0.44995903894198086,
    "BIG_000000414470": 1.7234582829893457,
    "BIG_000000419055": 0.08192337203072358,
    "BIG_000000423626": 0.38497719365692007,
    "BIG_000000435494": 0.28152048601962415,
    "BIG_000000436789": -0.122358044762179,
    "BIG_000000439345": 0.7158610098861355,
    "BIG_000000458497": 1.6991251531541836,
    "BIG_000000458731": 1.190948423213409,
    "BIG_000000460488": -0.7403307184702161,
    "BIG_000000465714": 0.03832008634915699,
    "BIG_000000470465": -0.6505061734840891,
    "BIG_000000477730": -0.5936821210063972,
    "BIG_000000478165": -1.8366632725342737,
    "BIG_000000484558": 0.053499658409631466,
    "BIG_000000484590": 1.2147626332768706,
    "BIG_000000488025": 0.30502614919180343,
    "BIG_000000524659": 1.1713743954286204,
    "BIG_000000534899": -0.22400087067497082,
    "BIG_000000540713": 0.5436871695981104,
    "BIG_000000545614": 0.1061676777608199,
    "BIG_000000552663": -0.9738866903116838,
    "BIG_000000567137": 1.2073902325563992,
    "BIG_000000571294": -0.42556146488111724,
    "CIC_000000029022": 0.8662635945272144,
    "CIC_000000031630": 0.8013331737240338,
    "CIC_000000049300": 0.3057414169852282,
    "CIC_000000069711": -0.5690965437147318,
    "CIC_000000073701": -0.2737330196060846,
    "CIC_000000076694": 0.6534924632711697,
    "CIC_000000091415": -0.27183966368231227,
    "CIC_000000096460": 0.2349252304832059,
    "CIC_000000096688": -1.4720636960031974,
    "CIC_000000104713": -0.04854521345240619,
    "CIC_000000114176": 0.5731159980923171,
    "CIC_000000116106": 0.40494391748515596,
    "CIC_000000117526": -1.667654375358334,
    "CIC_000000118841": -0.8721456903880306,
    "CIC_000000122521": 0.5285823967840072,
    "CIC_000000122587": -0.0257501431207549,
    "CIC_000000126886": 0.31378701092304095,
    "CIC_000000130896": -1.3739972090575328,
    "CIC_000000145442": 0.04384120572193963,
    "CIC_000000155694": -1.4622088952937795,
    "CIC_000000171462": -2.3310301916137486,
    "CIC_000000176453": -2.011871157253233,
    "CIC_000000189659": -0.8011752304403666,
    "CIC_000000191438": 0.3206311419660139,
    "CIC_000000194821": 0.2200588802669114,
    "CIC_000000203934": 0.12962191645111795,
    "CIC_000000207708": 0.7066840773469567,
    "CIC_000000225095": -0.8961328737087239,
    "CIC_000000233511": -1.976626687353659,
    "CIC_000000234888": 0.3410606861311735,
    "CIC_000000240256": 1.277570625464266,
    "CIC_000000254036": 0.6144051820892712,
    "CIC_000000255559": -0.41001257154168474,
    "CIC_000000257515": -0.3896858763402855,
    "CIC_000000258527": 0.06016146628957489,
    "CIC_000000264173": 0.3009636151232615,
    "CIC_000000273074": 1.2743495829174014,
    "CIC_000000292675": -0.30912241304550236,
    "CIC_000000299352": -1.1494218217335188,
    "CIC_000000312722": -0.667406128211103,
    "CIC_000000313790": 0.4576773861769201,
    "CIC_000000315166": -1.1116248275515246,
    "CIC_000000325822": -1.0278309718040823,
    "CIC_000000327859": -0.9224575334785209,
    "CIC_000000331938": -0.13354520704758505,
    "CIC_000000334169": 0.09589213129056375,
    "CIC_000000334449": -1.1357803091765541,
    "CIC_000000336443": 0.1538101227464352,
    "CIC_000000340387": -1.3533105424829721,
    "CIC_000000348462": -0.9969014834295514,
    "CIC_000000371080": 0.9135554180454651,
    "CIC_000000373371": -0.08287806753683022,
    "CIC_000000374898": 0.6356294682471257,
    "CIC_000000394833": -1.1586314789429835,
    "CIC_000000395580": 0.0005417919787563259,
    "CIC_000000396230": -1.3743010809959149,
    "CIC_000000396585": -0.35378691303496157,
    "CIC_000000414470": 1.119220620896237,
    "CIC_000000419055": 0.05414480190958478,
    "CIC_000000423626": 0.29132386224716195,
    "CIC_000000435494": 0.8082521040133782,
    "CIC_000000436789": -0.9330509767458558,
    "CIC_000000439345": 0.3337350349396845,
    "CIC_000000458497": 1.1207119308707645,
    "CIC_000000458731": 1.164460140092174,
    "CIC_000000460488": -1.5936685707913272,
    "CIC_000000465714": -1.2477734808059735,
    "CIC_000000470465": -0.5929995778832592,
    "CIC_000000477730": -0.14399840172797398,
    "CIC_000000478165": -1.9791745366831803,
    "CIC_000000484558": -0.8135264559974257,
    "CIC_000000484590": 0.7786456273090397,
    "CIC_000000488025": -0.2805397510258729,
    "CIC_000000524659": 0.8999933796877696,
    "CIC_000000534899": -1.2792639635282874,
    "CIC_000000540713": -0.033889236116530254,
    "CIC_000000545614": -0.29586892157908906,
    "CIC_000000552663": -1.2187139735907258,
    "CIC_000000567137": 0.7303393390118788,
    "CIC_000000571294": -1.0833179877528873,
    "CT2_000000029022": 1.2831197945544355,
    "CT2_000000031630": 1.4360094541373607,
    "CT2_000000049300": 1.109393869904207,
    "CT2_000000069711": -0.24284560580763925,
    "CT2_000000073701": 0.5474364818224724,
    "CT2_000000076694": 0.887090509688722,
    "CT2_000000091415": -0.02774167305538974,
    "CT2_000000096460": 0.8691947899943891,
    "CT2_000000096688": -0.19549300790171065,
    "CT2_000000104713": 0.23234933143629463,
    "CT2_000000114176": 1.8140869198739644,
    "CT2_000000116106": 0.8515281429920692,
    "CT2_000000117526": -0.8726786350184258,
    "CT2_000000118841": 0.07133927866918632,
    "CT2_000000122521": 0.21371029423114693,
    "CT2_000000122587": 1.0001589204847285,
    "CT2_000000126886": 0.9328723234208519,
    "CT2_000000130896": -1.029967425278562,
    "CT2_000000145442": -0.19821383048846788,